perfume_id,brand,name,ml,scents,url
1,PACO RABANNE,1 Million Lucky,100,1,img.1.jpg
2,GUCCI,Bamboo,75,2,img.2.jpg
3,Yves Saint Laurent,L'Homme,100,1,img.3.jpg
4,CHLOE,Love Story,75,2,img.4.jpg
5,GUCCI,Bloom Aqua Di Fiori,100,3,img.5.jpg
6,Dolce & Gabbana,The Only One,100,2,img.6.jpg
7,Dior,Addict,100,2,img.7.jpg
8,GUCCI,Guilty,75,2,img.8.jpg
9,VERSACE,Dylan Blue,5,4,img.9.jpg
10,Lancome,La Vie Est Belle,50,2,img.10.jpg
11,CHLOE,Chloe,75,2,img.11.jpg
12,PACO RABANNE,Invictus,100,4,img.12.jpg
13,Calvin Klein,Eternity,100,2,img.13.jpg
14,Juicy Couture,Viva La Juicy Noir,100,3,img.14.jpg
15,Yves Saint Laurent,Libre,90,2,img.15.jpg
16,BURBERRY,Mr. Burberry,100,1,img.16.jpg
17,GUCCI,Guilty Absolute,90,5,img.17.jpg
18,CAROLINA HERRERA,Good Girl,80,6,img.18.jpg
19,GIORGIO ARMANI,Acqua Di Gio,200,4,img.19.jpg
20,Calvin Klein,Euphoria,100,1,img.20.jpg
21,Dior,Sauvage,100,7,img.21.jpg
22,VERSACE,Crystal Noir,50,6,img.22.jpg
23,MONTBLANC,Legend,200,5,img.23.jpg
24,Dolce & Gabbana,The One,75,3,img.24.jpg
25,Lancome,Idol,50,2,img.25.jpg
26,BURBERRY,Brit Splash,100,7,img.26.jpg
27,BURBERRY,My Burberry Blush,90,6,img.27.jpg
28,CHLOE,Nomade,75,2,img.28.jpg
29,Dior,Joy,90,1,img.29.jpg
30,MONTBLANC,Explorer,2,1,img.30.jpg
31,GUCCI,Guilty Intense,90,2,img.31.jpg
32,Yves Saint Laurent,L'Homme,100,1,img.32.jpg
33,GIORGIO ARMANI,Si,100,2,img.33.jpg
34,VERSACE,Eros,200,6,img.34.jpg
35,GUCCI,Bloom Nettare Di Fiori,100,2,img.35.jpg
36,GIORGIO ARMANI,Si Fiori,100,2,img.36.jpg
37,MONTBLANC,Legend Spirit,100,4,img.37.jpg
38,GUCCI,Guilty Pour Homme,90,2,img.38.jpg
39,MONTBLANC,Legend,100,5,img.39.jpg
40,Givenchy,L'Interdit,50,2,img.40.jpg
41,BURBERRY,Brit Sheer,100,3,img.41.jpg
42,CHANEL,Gabrielle,100,2,img.42.jpg
43,NARCISO RODRIGUEZ,Narciso Rodriguez For Her,100,1,img.43.jpg
44,Dolce & Gabbana,L'imperatrice 3,100,2,img.44.jpg
45,Marc Jacobs,Daisy Eau So Fresh,125,3,img.45.jpg
46,VERSACE,Versace Pour Homme,100,7,img.46.jpg
47,Yves Saint Laurent,La Nuit De L`Homme,100,1,img.47.jpg
48,CHANEL,Bleu De Chanel,100,4,img.48.jpg
49,Juicy Couture,Viva La Juicy,100,2,img.49.jpg
50,Dolce & Gabbana,3 L'Imperatrice,100,2,img.50.jpg
51,GIORGIO ARMANI,Code,75,4,img.51.jpg
52,Dolce & Gabbana,Light Blue,100,2,img.52.jpg
